id_campana,canal,pais,mes,impresiones,clicks,costo,conversiones
1,Google Ads,México,2025-01-01,101952,2855,4390.99,111
2,Google Ads,México,2025-02-01,100211,3081,4644.53,130
3,Google Ads,México,2025-03-01,93962,2633,4215.96,101
4,Google Ads,Colombia,2025-01-01,65360,1878,3023.71,77
5,Google Ads,Colombia,2025-02-01,65243,1982,2952.1,83
6,Google Ads,Colombia,2025-03-01,69347,2138,3255.8,84
7,Google Ads,Argentina,2025-01-01,53200,1559,2353.57,59
8,Google Ads,Argentina,2025-02-01,50859,1548,2556.46,65
9,Google Ads,Argentina,2025-03-01,47741,1527,2461.0,60
10,Facebook,México,2025-01-01,94150,2106,2022.37,66
11,Facebook,México,2025-02-01,94429,1945,1793.27,56
12,Facebook,México,2025-03-01,83011,1758,1618.19,50
13,Facebook,Colombia,2025-01-01,64197,1386,1263.15,41
14,Facebook,Colombia,2025-02-01,62164,1451,1399.51,44
15,Facebook,Colombia,2025-03-01,58897,1337,1248.71,38
16,Facebook,Argentina,2025-01-01,48084,1079,1051.54,33
17,Facebook,Argentina,2025-02-01,48103,1099,975.66,32
18,Facebook,Argentina,2025-03-01,42961,914,922.14,26
19,Email,México,2025-01-01,63161,3691,363.71,321
20,Email,México,2025-02-01,65387,3901,376.26,321
21,Email,México,2025-03-01,64146,3721,392.82,320
22,Email,Colombia,2025-01-01,41408,2387,239.02,217
23,Email,Colombia,2025-02-01,40782,2292,233.29,184
24,Email,Colombia,2025-03-01,46340,2750,270.44,219
25,Email,Argentina,2025-01-01,32084,1933,203.06,175
26,Email,Argentina,2025-02-01,28787,1781,179.02,155
27,Email,Argentina,2025-03-01,30762,1882,186.48,151
28,TikTok,México,2025-01-01,69546,1479,858.0,39
29,TikTok,México,2025-02-01,87507,1671,1054.61,44
30,TikTok,México,2025-03-01,108840,2219,1266.69,56
31,TikTok,Colombia,2025-01-01,50801,1022,615.81,27
32,TikTok,Colombia,2025-02-01,56967,1111,706.65,26
33,TikTok,Colombia,2025-03-01,82557,1728,972.63,42
34,TikTok,Argentina,2025-01-01,36852,783,468.88,18
35,TikTok,Argentina,2025-02-01,41111,852,484.6,22
36,TikTok,Argentina,2025-03-01,55806,1124,709.56,27
